epoch,accuracy,loss,lr,val_accuracy,val_loss
0,0.10881999880075455,176.7134552001953,0.15,0.12110000103712082,405.5640563964844
1,0.10787999629974365,428.8487854003906,0.15,0.10639999806880951,102.48472595214844
