epoch,accuracy,loss,val_accuracy,val_loss
0,0.6741833090782166,1.0501797199249268,0.8650000095367432,0.43068695068359375
1,0.8776833415031433,0.427985280752182,0.9039000272750854,0.36351779103279114
